名前,プラットフォーム,リンク
心花りり,Twitter,https://x.com/iLiFE_riri
福丸うさ,Twitter,https://x.com/iLiFE_fukumaru
空詩かれん,Twitter,https://x.com/iLiFE_karen
虹羽みに,Twitter,https://x.com/iLiFE_mini
那蘭のどか,Twitter,https://x.com/iLiFE_nara
若葉のあ,Twitter,https://x.com/iLiFE_wakaba
小熊まむ,Twitter,https://x.com/iLiFE_koguma
純嶺みき,Twitter,https://x.com/iLiFE_sumire
あいす,Twitter,https://x.com/ice_icol
,,
香月あむ,Twitter,https://x.com/Amu_nonfic
澪織にいな,Twitter,https://x.com/Niina_nonfic
こるね,Twitter,https://x.com/colne_icol
恋星はるか,Twitter,https://x.com/Haru_nonfic
海まりん,Twitter,https://x.com/Marin_nonfic
水瀬ぴあの,Twitter,https://x.com/Piano_nonfic
永月十華,Twitter,https://x.com/Touka_nonfic
真白里帆,Twitter,https://x.com/Riho_nonfic
,,
紬希なこ,Twitter,https://x.com/nako_yoruami
水萌しゅる,Twitter,https://x.com/shuru_yoruami
琴音ふりる ,Twitter,https://x.com/furiru_yoruami
みぽたぽた,Twitter,https://x.com/mipo_yoruami
白空こあい,Twitter,https://x.com/coai_yoruami
ふてこ,Twitter,https://x.com/futeko_yoruami
炎谷莉奈,Twitter,https://x.com/rina_yoruami
,,
葵ふう,Twitter,https://x.com/aksb_fu
如月なな,Twitter,https://x.com/aksb_nana
古賀みれい,Twitter,https://x.com/aksb_mirei
神崎らん,Twitter,https://x.com/aksb_ran
清見るん,Twitter,https://x.com/aksb_lun
平沢かえ,Twitter,https://x.com/aksb_kae
茉井良菜,Twitter,https://x.com/aksb_rana
水琴まなみ,Twitter,https://x.com/aksb_manami
美山ひな,Twitter,https://x.com/aksb_hina_
,,
夜宵やむ,Twitter,https://x.com/yamu_adamth
響羽リズ,Twitter,https://x.com/rizu_adamth
三木零,Twitter,https://x.com/ray_adamth
都ユナ,Twitter,https://x.com/yuna_adamth
,,
蒼井叶,Twitter,https://x.com/kanau_Ill
白雪姫乃,Twitter,https://x.com/hime_Ill
紫ノ色,Twitter,https://x.com/shiki_Ill
森緑藻,Twitter,https://x.com/mori_Ill
,,
百宮みも,Twitter,https://x.com/dreco_mimo
朝比奈まどか,Twitter,https://x.com/dreco_madoka
飛茉りのあ,Twitter,https://x.com/dreco_rinoa
宮園れな,Twitter,https://x.com/dreco_rena
小鈴もゆ,Twitter,https://x.com/dreco_moyu
御伽りるむ,Twitter,https://x.com/dreco_rilum
,,
好実れん,Twitter,https://x.com/MEGAFON_ren
小晴のか ,Twitter,https://x.com/MEGAFON_noka
星野あみ,Twitter,https://x.com/MEGAFON_ami
日陽きい,Twitter,https://x.com/MEGAFON_kii
宮代ゆき,Twitter,https://x.com/MEGAFON_yuki
明音いろは,Twitter,https://x.com/MEGAFON_iroha
羽雲ろこ,Twitter,https://x.com/MEGAFON_roko
,,
のもあちゃちゃ,Twitter,https://x.com/Chacha_TENRIN
白洲あやん,Twitter,https://x.com/Ayan_TENRIN
月神キラ,Twitter,https://x.com/Kira_TENRIN
雅なぎ,Twitter,https://x.com/Nagi_TENRIN
七瀬にこ,Twitter,https://x.com/Nico_TENRIN
蓮花うらら,Twitter,https://x.com/Lenge_TENRIN
霞あげは,Twitter,https://x.com/Ageha_TENRIN
,,
花丸ぺこ,Twitter,https://x.com/iON_peco_
宇野ゆり,Twitter,https://x.com/iON_yuri_
恋春ねね,Twitter,https://x.com/iON_nene_
鈴都りせ,Twitter,https://x.com/iON_rise_
儚寧この,Twitter,https://x.com/iON_kono_
栗栖むぎ,Twitter,https://x.com/iON_mugi
伽久耶くらら,Twitter,https://x.com/iON_kurara_
